created_at,merged_at,merged,time
2024-04-03 07:04:57+00:00,,False,
2024-04-03 07:04:55+00:00,,False,
2024-04-03 05:58:23+00:00,,False,
2024-04-03 05:19:04+00:00,2024-04-08 06:24:18+00:00,True,5.0
2024-04-03 04:00:44+00:00,,False,
2024-04-03 03:31:03+00:00,2024-04-04 14:56:10+00:00,True,1.0
2024-04-03 03:15:06+00:00,2024-04-03 15:08:28+00:00,True,0.0
2024-04-03 02:34:59+00:00,2024-04-03 16:03:59+00:00,True,0.0
2024-04-02 21:58:17+00:00,2024-04-02 22:31:31+00:00,True,0.0
2024-04-02 21:35:03+00:00,2024-04-02 22:30:13+00:00,True,0.0
2024-04-02 20:15:39+00:00,,False,
2024-04-02 19:41:43+00:00,2024-04-02 20:20:03+00:00,True,0.0
2024-04-02 16:38:42+00:00,2024-04-02 16:57:01+00:00,True,0.0
2024-04-02 15:45:29+00:00,2024-04-02 18:25:12+00:00,True,0.0
2024-04-02 15:33:25+00:00,2024-04-02 21:11:47+00:00,True,0.0
2024-04-02 14:55:29+00:00,2024-04-02 21:32:52+00:00,True,0.0
2024-04-02 13:29:20+00:00,,False,
2024-04-02 12:51:35+00:00,2024-04-03 10:16:20+00:00,True,0.0
2024-04-02 09:52:56+00:00,,False,
2024-04-02 08:43:29+00:00,2024-04-18 20:54:07+00:00,True,16.0
2024-04-02 08:38:35+00:00,2024-04-03 11:09:09+00:00,True,1.0
2024-04-02 07:04:45+00:00,,False,
2024-04-02 07:04:45+00:00,2024-04-02 07:29:52+00:00,True,0.0
2024-04-01 23:23:15+00:00,2024-04-02 18:40:28+00:00,True,0.0
2024-04-01 21:07:08+00:00,2024-04-01 22:00:41+00:00,True,0.0
2024-04-01 18:28:18+00:00,,False,
2024-04-01 18:05:52+00:00,2024-04-01 20:15:43+00:00,True,0.0
2024-04-01 18:00:38+00:00,,False,
2024-04-01 16:09:50+00:00,2024-04-01 16:43:18+00:00,True,0.0
2024-04-01 14:14:39+00:00,2024-04-03 11:38:40+00:00,True,1.0
2024-04-01 07:04:46+00:00,,False,
2024-04-01 02:21:22+00:00,2024-04-04 14:56:22+00:00,True,3.0
2024-04-01 01:16:22+00:00,2024-04-01 23:13:31+00:00,True,0.0
2024-03-31 20:06:31+00:00,2024-04-03 17:16:40+00:00,True,2.0
2024-03-31 07:05:40+00:00,,False,
2024-03-31 06:24:44+00:00,2024-04-01 17:01:49+00:00,True,1.0
2024-03-30 07:47:38+00:00,2024-03-31 18:47:25+00:00,True,1.0
2024-03-30 07:05:14+00:00,,False,
2024-03-30 03:21:57+00:00,,False,
2024-03-29 22:07:54+00:00,2024-03-29 22:32:22+00:00,True,0.0
2024-03-29 19:51:53+00:00,2024-04-01 15:50:54+00:00,True,2.0
2024-03-29 18:19:20+00:00,2024-03-29 23:38:06+00:00,True,0.0
2024-03-29 17:03:20+00:00,2024-04-09 13:53:34+00:00,True,10.0
2024-03-29 08:37:52+00:00,2024-04-02 01:51:48+00:00,True,3.0
2024-03-29 07:05:26+00:00,,False,
2024-03-29 05:49:45+00:00,2024-04-02 20:10:14+00:00,True,4.0
2024-03-29 05:25:07+00:00,2024-04-12 18:56:09+00:00,True,14.0
2024-03-29 04:37:16+00:00,2024-03-29 18:45:03+00:00,True,0.0
2024-03-29 02:19:17+00:00,,False,
2024-03-28 23:38:14+00:00,2024-03-29 01:56:11+00:00,True,0.0
2024-03-28 23:24:43+00:00,2024-03-29 00:35:35+00:00,True,0.0
2024-03-28 23:02:49+00:00,2024-05-06 20:55:00+00:00,True,38.0
2024-03-28 22:54:23+00:00,2024-03-29 00:32:22+00:00,True,0.0
2024-03-28 22:38:48+00:00,2024-03-28 23:16:22+00:00,True,0.0
2024-03-28 22:05:41+00:00,2024-03-28 23:49:46+00:00,True,0.0
2024-03-28 19:12:43+00:00,2024-03-28 20:25:36+00:00,True,0.0
2024-03-28 18:54:13+00:00,2024-03-28 19:31:14+00:00,True,0.0
2024-03-28 17:54:06+00:00,2024-04-05 20:04:11+00:00,True,8.0
2024-03-28 17:52:17+00:00,,False,
2024-03-28 17:39:13+00:00,2024-03-28 22:40:23+00:00,True,0.0
2024-03-28 16:36:07+00:00,,False,
2024-03-28 15:30:11+00:00,2024-03-28 15:57:12+00:00,True,0.0
2024-03-28 15:29:11+00:00,2024-03-28 20:26:38+00:00,True,0.0
2024-03-28 15:11:43+00:00,2024-04-05 21:39:22+00:00,True,8.0
2024-03-28 15:09:33+00:00,2024-03-28 17:05:14+00:00,True,0.0
2024-03-28 14:27:48+00:00,2024-03-28 19:54:29+00:00,True,0.0
2024-03-28 14:11:23+00:00,,False,
2024-03-28 13:53:10+00:00,2024-04-01 13:54:37+00:00,True,4.0
2024-03-28 12:40:46+00:00,,False,
2024-03-28 09:23:47+00:00,2024-03-28 11:29:45+00:00,True,0.0
2024-03-28 07:05:03+00:00,,False,
2024-03-28 02:39:24+00:00,2024-04-11 00:09:18+00:00,True,13.0
2024-03-27 23:12:35+00:00,2024-03-28 22:29:03+00:00,True,0.0
2024-03-27 22:03:02+00:00,2024-03-28 23:08:39+00:00,True,1.0
2024-03-27 19:40:21+00:00,,False,
2024-03-27 19:21:21+00:00,2024-03-28 19:10:21+00:00,True,0.0
2024-03-27 18:45:23+00:00,2024-03-27 19:09:08+00:00,True,0.0
2024-03-27 17:33:03+00:00,2024-03-27 19:43:22+00:00,True,0.0
2024-03-27 17:06:57+00:00,2024-03-27 18:29:00+00:00,True,0.0
2024-03-27 17:06:19+00:00,2024-03-27 18:24:22+00:00,True,0.0
2024-03-27 14:46:30+00:00,2024-03-28 13:35:22+00:00,True,0.0
2024-03-27 13:31:47+00:00,2024-04-17 11:06:24+00:00,True,20.0
2024-03-27 11:12:50+00:00,2024-03-27 11:15:29+00:00,True,0.0
2024-03-27 10:55:14+00:00,2024-04-11 07:44:47+00:00,True,14.0
2024-03-27 07:04:42+00:00,2024-03-27 11:00:45+00:00,True,0.0
2024-03-27 04:40:43+00:00,2024-03-28 23:55:05+00:00,True,1.0
2024-03-27 00:12:50+00:00,2024-03-27 00:46:51+00:00,True,0.0
2024-03-26 23:36:12+00:00,2024-05-01 23:01:56+00:00,True,35.0
2024-03-26 23:13:23+00:00,2024-03-28 16:47:33+00:00,True,1.0
2024-03-26 21:28:09+00:00,2024-03-26 21:47:22+00:00,True,0.0
2024-03-26 21:15:44+00:00,2024-03-26 22:39:49+00:00,True,0.0
2024-03-26 20:09:10+00:00,2024-03-26 20:50:40+00:00,True,0.0
2024-03-26 19:50:47+00:00,,False,
2024-03-26 18:51:31+00:00,2024-03-26 19:44:31+00:00,True,0.0
2024-03-26 18:05:11+00:00,2024-03-27 15:20:03+00:00,True,0.0
2024-03-26 17:53:30+00:00,2024-03-26 18:25:23+00:00,True,0.0
2024-03-26 17:33:56+00:00,,False,
2024-03-26 16:12:52+00:00,2024-03-26 18:45:22+00:00,True,0.0
2024-03-26 14:40:56+00:00,2024-03-26 16:29:07+00:00,True,0.0
2024-03-26 14:02:42+00:00,2024-03-27 18:29:16+00:00,True,1.0
2024-04-22 19:28:40+00:00,2024-04-22 19:51:55+00:00,True,0.0
2024-04-22 19:06:55+00:00,,False,
2024-04-22 18:58:06+00:00,2024-04-23 18:07:16+00:00,True,0.0
2024-04-22 18:23:22+00:00,,False,
2024-04-22 18:04:08+00:00,,False,
2024-04-22 14:23:17+00:00,,False,
2024-04-22 13:57:24+00:00,2024-04-22 15:21:21+00:00,True,0.0
2024-04-22 13:53:55+00:00,2024-04-25 10:05:20+00:00,True,2.0
2024-04-22 13:42:41+00:00,2024-04-23 11:37:50+00:00,True,0.0
2024-04-22 08:52:11+00:00,2024-04-22 21:09:38+00:00,True,0.0
2024-04-22 07:05:13+00:00,,False,
2024-04-22 06:56:45+00:00,2024-04-22 23:47:34+00:00,True,0.0
2024-04-22 04:00:04+00:00,,False,
2024-04-21 19:48:32+00:00,2024-04-21 21:47:39+00:00,True,0.0
2024-04-21 08:55:32+00:00,2024-04-21 21:12:03+00:00,True,0.0
2024-04-21 07:04:42+00:00,,False,
2024-04-21 07:04:42+00:00,2024-04-22 06:04:58+00:00,True,0.0
2024-04-20 18:58:39+00:00,2024-04-24 13:05:21+00:00,True,3.0
2024-04-20 14:14:28+00:00,2024-04-26 16:19:50+00:00,True,6.0
2024-04-20 08:11:27+00:00,2024-04-22 02:41:07+00:00,True,1.0
2024-04-20 07:30:32+00:00,2024-04-25 18:06:12+00:00,True,5.0
2024-04-20 07:04:55+00:00,,False,
2024-04-20 07:04:55+00:00,,False,
2024-04-20 00:01:49+00:00,2024-04-22 13:05:41+00:00,True,2.0
2024-04-19 21:45:04+00:00,2024-04-20 00:11:32+00:00,True,0.0
2024-04-19 21:35:14+00:00,2024-04-20 13:45:35+00:00,True,0.0
2024-04-19 21:14:08+00:00,2024-04-22 21:51:47+00:00,True,3.0
2024-04-19 19:01:19+00:00,2024-04-22 23:03:10+00:00,True,3.0
2024-04-19 18:48:35+00:00,2024-04-25 10:35:36+00:00,True,5.0
2024-04-19 17:50:47+00:00,2024-04-19 18:36:26+00:00,True,0.0
2024-04-19 16:59:46+00:00,2024-04-19 18:34:21+00:00,True,0.0
2024-04-19 15:55:11+00:00,2024-04-21 18:17:06+00:00,True,2.0
2024-04-19 15:18:42+00:00,2024-04-19 15:36:29+00:00,True,0.0
2024-04-19 15:02:55+00:00,2024-04-25 07:44:12+00:00,True,5.0
2024-04-19 13:51:10+00:00,2024-04-19 14:27:01+00:00,True,0.0
2024-04-19 10:36:43+00:00,2024-04-19 10:39:44+00:00,True,0.0
2024-04-19 10:13:28+00:00,2024-04-19 10:19:26+00:00,True,0.0
2024-04-19 09:53:07+00:00,2024-04-19 12:33:13+00:00,True,0.0
2024-04-19 09:41:45+00:00,,False,
2024-04-19 09:25:39+00:00,2024-04-19 18:26:55+00:00,True,0.0
2024-04-19 07:04:54+00:00,,False,
2024-04-19 07:04:52+00:00,2024-04-19 12:14:14+00:00,True,0.0
2024-04-19 06:38:17+00:00,2024-04-19 10:32:49+00:00,True,0.0
2024-04-18 21:54:29+00:00,,False,
2024-04-18 21:28:38+00:00,2024-04-18 22:01:31+00:00,True,0.0
2024-04-18 20:51:52+00:00,2024-04-26 22:26:33+00:00,True,8.0
2024-04-18 20:28:29+00:00,2024-04-24 16:29:10+00:00,True,5.0
2024-04-18 19:48:45+00:00,2024-04-18 20:59:29+00:00,True,0.0
2024-04-18 18:45:22+00:00,2024-04-18 19:51:34+00:00,True,0.0
2024-04-18 16:40:03+00:00,2024-04-18 18:43:51+00:00,True,0.0
2024-04-18 16:06:00+00:00,,False,
2024-04-18 15:10:56+00:00,2024-04-19 20:43:26+00:00,True,1.0
2024-04-18 15:07:54+00:00,,False,
2024-04-18 14:19:50+00:00,2024-04-18 19:32:35+00:00,True,0.0
2024-04-18 12:38:10+00:00,2024-04-19 23:13:58+00:00,True,1.0
2024-04-18 12:08:53+00:00,,False,
2024-04-18 10:10:46+00:00,2024-05-24 15:00:23+00:00,True,36.0
2024-04-18 09:54:35+00:00,2024-04-30 20:40:11+00:00,True,12.0
2024-04-18 08:25:55+00:00,2024-04-19 09:02:43+00:00,True,1.0
2024-04-18 07:04:56+00:00,2024-04-18 08:59:51+00:00,True,0.0
2024-04-18 05:53:16+00:00,2024-04-18 09:19:02+00:00,True,0.0
2024-04-18 03:02:59+00:00,,False,
2024-04-18 00:32:15+00:00,2024-04-18 22:04:20+00:00,True,0.0
2024-04-18 00:11:07+00:00,2024-04-18 15:35:49+00:00,True,0.0
2024-04-17 23:44:15+00:00,2024-04-18 13:22:13+00:00,True,0.0
2024-04-17 23:34:52+00:00,2024-04-23 22:04:54+00:00,True,5.0
2024-04-17 23:15:37+00:00,2024-04-17 23:45:20+00:00,True,0.0
2024-04-17 22:16:01+00:00,2024-04-17 22:41:06+00:00,True,0.0
2024-04-17 22:04:21+00:00,2024-04-17 22:40:22+00:00,True,0.0
2024-04-17 21:55:27+00:00,2024-04-17 23:06:29+00:00,True,0.0
2024-04-17 20:09:27+00:00,2024-04-23 07:55:24+00:00,True,5.0
2024-04-17 20:03:32+00:00,2024-04-17 22:08:51+00:00,True,0.0
2024-04-17 18:15:34+00:00,2024-04-17 18:18:16+00:00,True,0.0
2024-04-17 15:48:18+00:00,2024-04-17 17:19:33+00:00,True,0.0
2024-04-17 15:27:28+00:00,2024-04-17 17:26:31+00:00,True,0.0
2024-04-17 14:30:13+00:00,2024-04-17 14:36:00+00:00,True,0.0
2024-04-17 12:35:04+00:00,2024-04-17 12:46:09+00:00,True,0.0
2024-04-17 10:06:14+00:00,2024-04-18 03:00:58+00:00,True,0.0
2024-04-17 08:45:44+00:00,2024-04-17 09:19:18+00:00,True,0.0
2024-04-17 07:05:06+00:00,,False,
2024-04-17 07:05:06+00:00,,False,
2024-04-17 03:36:20+00:00,2024-04-17 03:52:53+00:00,True,0.0
2024-04-17 02:02:05+00:00,2024-04-17 17:05:09+00:00,True,0.0
2024-04-16 23:50:19+00:00,2024-04-17 01:01:46+00:00,True,0.0
2024-04-16 19:22:36+00:00,2024-04-16 19:30:09+00:00,True,0.0
2024-04-16 19:00:38+00:00,2024-04-16 19:01:49+00:00,True,0.0
2024-04-16 19:00:38+00:00,,False,
2024-04-16 17:48:19+00:00,2024-04-16 23:23:39+00:00,True,0.0
2024-04-16 17:06:58+00:00,,False,
2024-04-16 16:32:09+00:00,2024-04-16 18:01:44+00:00,True,0.0
2024-04-16 16:23:24+00:00,,False,
2024-04-16 16:15:39+00:00,2024-04-16 16:29:27+00:00,True,0.0
2024-04-16 16:07:52+00:00,,False,
2024-04-16 16:07:39+00:00,,False,
2024-04-16 15:03:20+00:00,2024-05-13 22:53:19+00:00,True,27.0
2024-04-16 11:55:54+00:00,2024-04-16 13:06:42+00:00,True,0.0
2024-04-16 11:09:25+00:00,2024-04-22 07:04:45+00:00,True,5.0
2024-04-16 09:03:02+00:00,2024-04-16 14:17:06+00:00,True,0.0
2024-04-16 07:05:30+00:00,2024-04-16 10:47:25+00:00,True,0.0
2024-04-16 07:05:28+00:00,,False,
2024-04-09 18:15:48+00:00,2024-04-09 18:18:59+00:00,True,0.0
2024-04-09 16:56:40+00:00,2024-04-09 17:28:13+00:00,True,0.0
2024-04-09 15:43:30+00:00,2024-04-09 16:53:08+00:00,True,0.0
2024-04-09 15:22:18+00:00,2024-04-09 21:33:02+00:00,True,0.0
2024-04-09 14:58:57+00:00,2024-05-15 10:19:28+00:00,True,35.0
2024-04-09 14:32:42+00:00,,False,
2024-04-09 11:40:06+00:00,2024-05-06 21:22:18+00:00,True,27.0
2024-04-09 09:58:05+00:00,2024-04-12 15:28:53+00:00,True,3.0
2024-04-09 09:28:55+00:00,2024-04-10 08:09:03+00:00,True,0.0
2024-04-09 07:05:45+00:00,,False,
2024-04-09 07:05:39+00:00,,False,
2024-04-09 04:05:59+00:00,2024-04-09 14:26:27+00:00,True,0.0
2024-04-09 01:17:53+00:00,2024-04-09 01:40:23+00:00,True,0.0
2024-04-09 01:10:33+00:00,2024-04-23 19:10:13+00:00,True,14.0
2024-04-08 22:38:19+00:00,2024-04-15 22:19:05+00:00,True,6.0
2024-04-08 21:57:23+00:00,2024-04-18 23:56:24+00:00,True,10.0
2024-04-08 21:50:05+00:00,2024-04-09 14:10:06+00:00,True,0.0
2024-04-08 20:21:28+00:00,,False,
2024-04-08 20:19:11+00:00,,False,
2024-04-08 20:17:30+00:00,,False,
2024-04-08 20:01:14+00:00,2024-04-09 14:48:01+00:00,True,0.0
2024-04-08 19:57:41+00:00,,False,
2024-04-08 19:46:14+00:00,,False,
2024-04-08 12:53:28+00:00,2024-04-09 07:26:53+00:00,True,0.0
2024-04-08 11:41:33+00:00,,False,
2024-04-08 11:09:06+00:00,2024-04-09 00:35:37+00:00,True,0.0
2024-04-08 10:56:31+00:00,2024-04-11 15:35:44+00:00,True,3.0
2024-04-08 10:41:08+00:00,2024-04-08 22:18:17+00:00,True,0.0
2024-04-08 09:54:12+00:00,2024-04-15 15:23:30+00:00,True,7.0
2024-04-08 09:50:58+00:00,2024-04-12 15:28:35+00:00,True,4.0
2024-04-08 08:54:32+00:00,2024-04-08 13:52:48+00:00,True,0.0
2024-04-08 07:06:11+00:00,,False,
2024-04-08 07:06:10+00:00,2024-04-08 07:36:25+00:00,True,0.0
2024-04-08 05:36:32+00:00,2024-04-08 14:55:39+00:00,True,0.0
2024-04-08 02:11:55+00:00,2024-04-23 19:11:41+00:00,True,15.0
2024-04-07 19:39:43+00:00,2024-04-08 12:38:45+00:00,True,0.0
2024-04-07 17:40:12+00:00,2024-04-08 13:49:59+00:00,True,0.0
2024-04-07 14:35:40+00:00,2024-04-15 16:33:32+00:00,True,8.0
2024-04-07 14:11:18+00:00,,False,
2024-04-07 12:16:14+00:00,2024-04-08 09:04:36+00:00,True,0.0
2024-04-07 07:04:36+00:00,2024-04-08 00:46:08+00:00,True,0.0
2024-04-07 07:04:35+00:00,,False,
2024-04-07 06:10:14+00:00,,False,
2024-04-06 22:03:17+00:00,2024-04-07 14:46:13+00:00,True,0.0
2024-04-06 20:56:34+00:00,2024-04-07 16:41:32+00:00,True,0.0
2024-04-06 16:43:17+00:00,2024-04-08 22:15:03+00:00,True,2.0
2024-04-06 14:09:28+00:00,2024-04-13 17:05:47+00:00,True,7.0
2024-04-06 09:32:48+00:00,2024-04-06 14:45:21+00:00,True,0.0
2024-04-06 07:05:34+00:00,,False,
2024-04-06 07:05:31+00:00,,False,
2024-04-05 23:37:26+00:00,,False,
2024-04-05 22:35:55+00:00,2024-04-08 17:12:03+00:00,True,2.0
2024-04-05 21:32:01+00:00,2024-04-11 00:42:54+00:00,True,5.0
2024-04-05 17:12:06+00:00,2024-04-05 17:38:39+00:00,True,0.0
2024-04-05 16:45:49+00:00,,False,
2024-04-05 16:45:44+00:00,,False,
2024-04-05 16:45:39+00:00,2024-05-24 13:14:39+00:00,True,48.0
2024-04-05 15:19:07+00:00,2024-04-05 17:12:12+00:00,True,0.0
2024-04-05 14:45:56+00:00,2024-04-08 22:25:43+00:00,True,3.0
2024-04-05 14:44:20+00:00,2024-04-05 19:33:19+00:00,True,0.0
2024-04-05 12:09:27+00:00,2024-04-08 11:30:05+00:00,True,2.0
2024-04-05 11:58:43+00:00,2024-04-05 16:53:03+00:00,True,0.0
2024-04-05 11:58:38+00:00,2024-04-11 09:18:49+00:00,True,5.0
2024-04-05 10:22:13+00:00,2024-04-05 11:13:28+00:00,True,0.0
2024-04-05 07:04:50+00:00,2024-04-05 08:57:44+00:00,True,0.0
2024-04-05 07:04:48+00:00,,False,
2024-04-05 06:08:41+00:00,2024-04-05 07:09:35+00:00,True,0.0
2024-04-05 05:16:09+00:00,2024-04-08 14:39:52+00:00,True,3.0
2024-04-05 03:26:44+00:00,2024-04-05 17:04:38+00:00,True,0.0
2024-04-04 22:44:52+00:00,2024-04-05 14:14:14+00:00,True,0.0
2024-04-04 22:35:50+00:00,,False,
2024-04-04 21:41:42+00:00,2024-04-04 23:44:54+00:00,True,0.0
2024-04-04 21:24:50+00:00,2024-04-05 17:39:21+00:00,True,0.0
2024-04-04 20:42:15+00:00,2024-04-04 21:13:14+00:00,True,0.0
2024-04-04 17:57:36+00:00,2024-04-04 18:16:04+00:00,True,0.0
2024-04-04 17:26:01+00:00,2024-04-12 03:38:57+00:00,True,7.0
2024-04-04 16:24:51+00:00,,False,
2024-04-04 14:17:25+00:00,2024-04-15 15:10:07+00:00,True,11.0
2024-04-04 13:40:26+00:00,,False,
2024-04-04 09:30:35+00:00,2024-04-04 14:18:33+00:00,True,0.0
2024-04-04 08:28:19+00:00,2024-04-04 15:35:27+00:00,True,0.0
2024-04-04 07:04:53+00:00,2024-04-04 07:58:58+00:00,True,0.0
2024-04-04 07:04:50+00:00,,False,
2024-04-04 04:57:44+00:00,,False,
2024-04-04 03:05:45+00:00,2024-04-08 17:49:24+00:00,True,4.0
2024-04-03 23:34:44+00:00,2024-04-04 23:28:02+00:00,True,0.0
2024-04-03 21:32:40+00:00,,False,
2024-04-03 20:46:16+00:00,2024-04-03 20:57:54+00:00,True,0.0
2024-04-03 20:02:07+00:00,2024-04-17 16:35:30+00:00,True,13.0
2024-04-03 18:11:27+00:00,2024-04-04 21:58:30+00:00,True,1.0
2024-04-03 18:11:22+00:00,2024-04-04 14:57:38+00:00,True,0.0
2024-04-03 18:11:17+00:00,2024-04-03 18:22:08+00:00,True,0.0
2024-04-03 16:57:51+00:00,2024-04-10 18:11:38+00:00,True,7.0
2024-04-03 16:45:04+00:00,2024-04-03 17:21:08+00:00,True,0.0
2024-04-03 16:19:17+00:00,2024-04-03 20:50:30+00:00,True,0.0
2024-04-03 15:22:17+00:00,2024-04-03 17:11:44+00:00,True,0.0
2024-04-03 14:48:09+00:00,2024-04-04 10:12:44+00:00,True,0.0
2024-04-03 14:47:44+00:00,,False,
2024-04-03 12:37:47+00:00,2024-04-10 16:44:18+00:00,True,7.0
2024-04-03 12:34:45+00:00,2024-04-03 14:02:52+00:00,True,0.0
2024-04-15 22:51:24+00:00,2024-04-16 13:56:48+00:00,True,0.0
2024-04-15 21:27:09+00:00,2024-04-15 22:14:58+00:00,True,0.0
2024-04-15 21:12:12+00:00,2024-04-22 12:40:23+00:00,True,6.0
2024-04-15 20:55:45+00:00,2024-04-15 21:53:23+00:00,True,0.0
2024-04-15 20:24:25+00:00,2024-04-15 21:15:10+00:00,True,0.0
2024-04-15 20:01:13+00:00,2024-04-15 21:33:07+00:00,True,0.0
2024-04-15 19:53:37+00:00,2024-05-06 23:52:24+00:00,True,21.0
2024-04-15 19:18:41+00:00,2024-04-15 21:18:57+00:00,True,0.0
2024-04-15 18:02:41+00:00,,False,
2024-04-15 17:59:52+00:00,2024-04-15 19:46:43+00:00,True,0.0
2024-04-15 16:56:11+00:00,2024-04-17 20:07:51+00:00,True,2.0
2024-04-15 16:43:16+00:00,2024-04-15 17:09:57+00:00,True,0.0
2024-04-15 16:18:48+00:00,2024-04-17 15:44:40+00:00,True,1.0
2024-04-15 14:48:07+00:00,2024-04-15 14:56:53+00:00,True,0.0
2024-04-15 13:49:51+00:00,2024-04-18 16:12:27+00:00,True,3.0
2024-04-15 13:09:09+00:00,2024-04-15 20:19:32+00:00,True,0.0
2024-04-15 11:18:54+00:00,2024-04-15 15:24:28+00:00,True,0.0
2024-04-15 10:10:46+00:00,2024-04-16 09:01:00+00:00,True,0.0
2024-04-15 09:32:15+00:00,2024-04-15 10:42:28+00:00,True,0.0
2024-04-15 07:04:41+00:00,,False,
2024-04-15 06:55:34+00:00,2024-04-15 19:22:22+00:00,True,0.0
2024-04-15 05:54:29+00:00,,False,
2024-04-15 02:28:04+00:00,2024-04-15 15:10:22+00:00,True,0.0
2024-04-15 00:23:38+00:00,2024-04-15 14:54:28+00:00,True,0.0
2024-04-14 22:15:43+00:00,2024-04-15 15:52:44+00:00,True,0.0
2024-04-14 20:53:24+00:00,,False,
2024-04-14 18:50:20+00:00,,False,
2024-04-14 16:00:20+00:00,2024-04-14 16:00:36+00:00,True,0.0
2024-04-14 15:34:16+00:00,2024-04-14 21:36:20+00:00,True,0.0
2024-04-14 09:48:51+00:00,2024-04-16 12:25:45+00:00,True,2.0
2024-04-14 07:45:44+00:00,,False,
2024-04-14 01:20:41+00:00,2024-04-15 19:49:53+00:00,True,1.0
2024-04-14 00:14:20+00:00,,False,
2024-04-13 22:39:53+00:00,2024-04-16 02:38:27+00:00,True,2.0
2024-04-13 18:30:52+00:00,2024-04-17 08:18:09+00:00,True,3.0
2024-04-13 16:21:00+00:00,2024-04-13 17:49:58+00:00,True,0.0
2024-04-13 10:59:04+00:00,2024-04-13 11:32:18+00:00,True,0.0
2024-04-13 08:31:04+00:00,2024-04-13 16:46:06+00:00,True,0.0
2024-04-13 07:04:41+00:00,,False,
2024-04-13 00:09:36+00:00,,False,
2024-04-12 23:30:24+00:00,2024-04-15 21:40:56+00:00,True,2.0
2024-04-12 23:13:23+00:00,,False,
2024-04-12 22:27:42+00:00,2024-04-13 17:05:25+00:00,True,0.0
2024-04-12 22:05:28+00:00,,False,
2024-04-12 22:04:47+00:00,,False,
2024-04-12 20:16:13+00:00,2024-04-15 17:26:42+00:00,True,2.0
2024-04-12 20:08:37+00:00,,False,
2024-04-12 18:04:40+00:00,,False,
2024-04-12 16:51:48+00:00,2024-04-12 22:03:11+00:00,True,0.0
2024-04-12 15:55:06+00:00,2024-04-12 22:09:05+00:00,True,0.0
2024-04-12 12:34:23+00:00,2024-04-12 22:05:50+00:00,True,0.0
2024-04-12 11:55:10+00:00,2024-04-12 13:14:22+00:00,True,0.0
2024-04-12 08:39:12+00:00,2024-04-12 17:58:13+00:00,True,0.0
2024-04-12 08:03:35+00:00,2024-04-12 13:52:32+00:00,True,0.0
2024-04-12 07:58:41+00:00,2024-04-12 08:52:41+00:00,True,0.0
2024-04-12 07:10:31+00:00,2024-04-13 04:23:45+00:00,True,0.0
2024-04-12 07:05:38+00:00,,False,
2024-04-12 06:10:00+00:00,2024-04-16 04:07:44+00:00,True,3.0
2024-04-12 03:42:19+00:00,2024-04-12 13:31:04+00:00,True,0.0
2024-04-12 02:41:34+00:00,2024-04-12 15:43:16+00:00,True,0.0
2024-04-11 22:26:24+00:00,2024-04-11 23:55:30+00:00,True,0.0
2024-04-11 21:08:41+00:00,2024-04-16 10:36:42+00:00,True,4.0
2024-04-11 20:36:06+00:00,2024-04-15 15:50:04+00:00,True,3.0
2024-04-11 19:35:36+00:00,,False,
2024-04-11 18:29:18+00:00,2024-04-12 19:12:47+00:00,True,1.0
2024-04-11 17:27:06+00:00,2024-04-15 22:35:01+00:00,True,4.0
2024-04-11 17:19:39+00:00,,False,
2024-04-11 16:52:24+00:00,2024-04-11 16:54:36+00:00,True,0.0
2024-04-11 16:39:08+00:00,2024-04-12 07:23:02+00:00,True,0.0
2024-04-11 16:38:08+00:00,,False,
2024-04-11 16:12:06+00:00,2024-04-24 19:21:29+00:00,True,13.0
2024-04-11 15:33:53+00:00,2024-04-11 19:56:36+00:00,True,0.0
2024-04-11 15:30:28+00:00,2024-04-11 17:16:27+00:00,True,0.0
2024-04-11 14:46:13+00:00,2024-04-12 15:55:02+00:00,True,1.0
2024-04-11 10:00:26+00:00,2024-04-11 14:07:57+00:00,True,0.0
2024-04-11 09:47:38+00:00,2024-04-11 09:47:51+00:00,True,0.0
2024-04-11 08:45:26+00:00,2024-04-11 09:55:18+00:00,True,0.0
2024-04-11 08:24:26+00:00,,False,
2024-04-11 08:19:17+00:00,2024-04-11 19:14:11+00:00,True,0.0
2024-04-11 08:07:16+00:00,2024-04-11 18:59:38+00:00,True,0.0
2024-04-11 07:05:35+00:00,,False,
2024-04-11 07:05:32+00:00,,False,
2024-04-11 05:06:35+00:00,,False,
2024-04-11 00:48:03+00:00,2024-04-11 23:21:28+00:00,True,0.0
2024-04-10 23:22:57+00:00,,False,
2024-04-10 23:09:15+00:00,2024-04-12 03:07:37+00:00,True,1.0
2024-04-10 22:40:14+00:00,2024-04-11 06:20:58+00:00,True,0.0
2024-04-10 18:17:50+00:00,2024-04-18 13:23:45+00:00,True,7.0
2024-04-10 13:44:34+00:00,2024-04-10 15:02:55+00:00,True,0.0
2024-04-10 12:19:48+00:00,2024-04-10 14:16:20+00:00,True,0.0
2024-04-10 10:33:59+00:00,,False,
2024-04-10 09:57:52+00:00,2024-04-10 13:46:57+00:00,True,0.0
2024-04-10 09:44:47+00:00,,False,
2024-04-10 07:05:37+00:00,,False,
2024-04-10 07:05:37+00:00,2024-04-10 09:06:22+00:00,True,0.0
2024-04-10 06:27:21+00:00,2024-04-10 16:53:52+00:00,True,0.0
2024-04-10 00:27:04+00:00,2024-04-10 04:07:37+00:00,True,0.0
2024-04-10 00:10:07+00:00,2024-04-10 11:47:07+00:00,True,0.0
2024-04-09 22:57:00+00:00,2024-04-10 04:04:52+00:00,True,0.0
2024-04-09 21:05:50+00:00,2024-04-17 01:18:07+00:00,True,7.0
2024-04-29 22:54:25+00:00,2024-04-29 23:10:17+00:00,True,0.0
2024-04-29 22:26:13+00:00,2024-04-29 23:02:52+00:00,True,0.0
2024-04-29 21:00:48+00:00,,False,
2024-04-29 19:24:00+00:00,2024-04-29 19:34:36+00:00,True,0.0
2024-04-29 18:55:42+00:00,2024-04-30 09:26:52+00:00,True,0.0
2024-04-29 13:44:11+00:00,2024-05-01 20:11:41+00:00,True,2.0
2024-04-29 08:25:17+00:00,,False,
2024-04-29 07:05:08+00:00,,False,
2024-04-29 07:05:04+00:00,,False,
2024-04-29 06:45:19+00:00,,False,
2024-04-29 06:36:38+00:00,,False,
2024-04-28 08:06:04+00:00,2024-04-29 09:11:31+00:00,True,1.0
2024-04-28 07:04:29+00:00,,False,
2024-04-28 07:04:29+00:00,,False,
2024-04-28 05:48:23+00:00,,False,
2024-04-27 21:53:57+00:00,2024-04-30 10:59:00+00:00,True,2.0
2024-04-27 19:58:30+00:00,2024-04-29 09:11:28+00:00,True,1.0
2024-04-27 14:04:39+00:00,2024-04-27 14:36:23+00:00,True,0.0
2024-04-27 13:53:52+00:00,2024-04-29 11:37:58+00:00,True,1.0
2024-04-27 07:39:07+00:00,2024-04-27 20:33:35+00:00,True,0.0
2024-04-27 07:04:52+00:00,,False,
2024-04-27 07:04:52+00:00,,False,
2024-04-27 01:02:00+00:00,2024-04-29 15:25:58+00:00,True,2.0
2024-04-26 22:19:52+00:00,2024-04-30 16:39:50+00:00,True,3.0
2024-04-26 19:23:05+00:00,2024-04-26 19:55:57+00:00,True,0.0
2024-04-26 18:09:02+00:00,2024-05-08 19:47:14+00:00,True,12.0
2024-04-26 17:52:51+00:00,2024-04-26 19:03:30+00:00,True,0.0
2024-04-26 16:04:22+00:00,2024-04-26 18:17:39+00:00,True,0.0
2024-04-26 15:38:34+00:00,2024-04-29 21:35:20+00:00,True,3.0
2024-04-26 14:06:49+00:00,,False,
2024-04-26 12:06:44+00:00,2024-05-01 07:00:25+00:00,True,4.0
2024-04-26 11:46:32+00:00,2024-04-28 20:15:38+00:00,True,2.0
2024-04-26 09:56:54+00:00,2024-04-26 14:39:04+00:00,True,0.0
2024-04-26 09:36:39+00:00,2024-04-26 15:47:32+00:00,True,0.0
2024-04-26 09:13:15+00:00,,False,
2024-04-26 08:14:06+00:00,2024-04-26 13:23:03+00:00,True,0.0
2024-04-26 07:05:00+00:00,,False,
2024-04-26 05:46:46+00:00,2024-04-26 17:08:02+00:00,True,0.0
2024-04-25 20:46:29+00:00,2024-04-26 16:01:37+00:00,True,0.0
2024-04-25 19:42:08+00:00,2024-05-07 16:18:32+00:00,True,11.0
2024-04-25 19:03:00+00:00,2024-04-25 20:45:45+00:00,True,0.0
2024-04-25 19:02:58+00:00,2024-04-25 20:48:59+00:00,True,0.0
2024-04-25 18:11:07+00:00,2024-04-26 17:57:22+00:00,True,0.0
2024-04-25 13:00:50+00:00,2024-04-26 08:56:33+00:00,True,0.0
2024-04-25 12:12:38+00:00,2024-05-07 19:14:58+00:00,True,12.0
2024-04-25 10:42:35+00:00,2024-04-25 16:10:21+00:00,True,0.0
2024-04-25 10:34:58+00:00,2024-05-20 08:49:53+00:00,True,24.0
2024-04-25 08:11:55+00:00,2024-04-25 09:27:45+00:00,True,0.0
2024-04-25 07:05:45+00:00,,False,
2024-04-25 07:05:44+00:00,,False,
2024-04-25 04:43:36+00:00,2024-04-25 18:55:37+00:00,True,0.0
2024-04-25 03:19:43+00:00,2024-04-26 05:46:59+00:00,True,1.0
2024-04-25 03:13:31+00:00,2024-04-26 05:27:08+00:00,True,1.0
2024-04-25 02:35:53+00:00,2024-04-26 21:24:25+00:00,True,1.0
2024-04-25 02:29:04+00:00,,False,
2024-04-25 01:51:50+00:00,2024-04-25 04:03:12+00:00,True,0.0
2024-04-24 23:25:49+00:00,2024-04-26 18:43:43+00:00,True,1.0
2024-04-24 22:33:38+00:00,2024-04-25 16:47:22+00:00,True,0.0
2024-04-24 21:58:43+00:00,2024-04-25 02:27:32+00:00,True,0.0
2024-04-24 21:49:55+00:00,2024-04-25 10:23:12+00:00,True,0.0
2024-04-24 21:30:07+00:00,,False,
2024-04-24 21:28:14+00:00,,False,
2024-04-24 21:24:08+00:00,2024-04-25 09:36:09+00:00,True,0.0
2024-04-24 20:30:43+00:00,2024-04-24 21:02:10+00:00,True,0.0
2024-04-24 20:22:40+00:00,,False,
2024-04-24 19:48:25+00:00,2024-04-24 20:24:41+00:00,True,0.0
2024-04-24 19:48:24+00:00,,False,
2024-04-24 19:28:01+00:00,,False,
2024-04-24 18:25:31+00:00,,False,
2024-04-24 18:09:47+00:00,2024-04-24 19:46:06+00:00,True,0.0
2024-04-24 18:01:18+00:00,2024-04-24 18:22:48+00:00,True,0.0
2024-04-24 13:02:55+00:00,,False,
2024-04-24 12:45:08+00:00,2024-04-24 21:12:21+00:00,True,0.0
2024-04-24 10:49:33+00:00,2024-04-26 14:48:49+00:00,True,2.0
2024-04-24 10:18:32+00:00,2024-05-01 05:21:51+00:00,True,6.0
2024-04-24 07:05:09+00:00,,False,
2024-04-24 07:05:01+00:00,,False,
2024-04-24 01:07:14+00:00,2024-04-24 01:26:56+00:00,True,0.0
2024-04-23 22:01:53+00:00,,False,
2024-04-23 20:51:08+00:00,2024-04-23 22:19:15+00:00,True,0.0
2024-04-23 20:38:59+00:00,2024-04-23 20:50:30+00:00,True,0.0
2024-04-23 20:27:15+00:00,2024-04-23 20:52:33+00:00,True,0.0
2024-04-23 20:05:06+00:00,2024-04-24 00:12:40+00:00,True,0.0
2024-04-23 19:30:41+00:00,2024-04-30 20:50:42+00:00,True,7.0
2024-04-23 19:18:31+00:00,2024-04-23 20:02:44+00:00,True,0.0
2024-04-23 18:36:05+00:00,2024-04-23 19:58:44+00:00,True,0.0
2024-04-23 17:23:58+00:00,2024-04-24 16:58:24+00:00,True,0.0
2024-04-23 17:07:56+00:00,2024-04-23 20:05:21+00:00,True,0.0
2024-04-23 16:49:24+00:00,2024-04-23 17:28:52+00:00,True,0.0
2024-04-23 16:15:07+00:00,2024-04-23 18:01:32+00:00,True,0.0
2024-04-23 15:33:59+00:00,2024-04-23 19:02:43+00:00,True,0.0
2024-04-23 10:58:33+00:00,2024-04-23 15:13:24+00:00,True,0.0
2024-04-23 10:17:02+00:00,2024-04-23 19:13:00+00:00,True,0.0
2024-04-23 10:16:25+00:00,2024-04-23 15:31:05+00:00,True,0.0
2024-04-23 07:05:14+00:00,,False,
2024-04-23 07:04:54+00:00,,False,
2024-04-22 23:08:50+00:00,2024-04-22 23:40:49+00:00,True,0.0
2024-04-22 22:19:06+00:00,2024-04-23 07:57:50+00:00,True,0.0
2024-04-22 21:09:34+00:00,2024-04-22 21:55:23+00:00,True,0.0
2024-04-22 20:35:14+00:00,2024-04-22 21:29:14+00:00,True,0.0
2024-06-08 07:04:51+00:00,,False,
2024-06-08 07:04:48+00:00,,False,
2024-06-07 21:54:17+00:00,2024-06-07 23:42:44+00:00,True,0.0
2024-06-07 16:26:08+00:00,2024-06-08 19:03:39+00:00,True,1.0
2024-06-07 15:31:23+00:00,2024-06-07 15:50:44+00:00,True,0.0
2024-06-07 13:08:19+00:00,2024-06-07 16:23:30+00:00,True,0.0
2024-06-07 11:43:15+00:00,2024-06-07 12:50:45+00:00,True,0.0
2024-06-07 07:04:50+00:00,,False,
2024-06-07 07:04:48+00:00,,False,
2024-06-07 06:56:14+00:00,2024-06-07 08:11:36+00:00,True,0.0
2024-06-06 23:42:29+00:00,2024-06-08 17:56:38+00:00,True,1.0
2024-06-06 22:46:30+00:00,2024-06-06 23:21:05+00:00,True,0.0
2024-06-06 18:24:20+00:00,2024-06-07 10:48:26+00:00,True,0.0
2024-06-06 18:04:33+00:00,2024-06-06 21:29:11+00:00,True,0.0
2024-06-06 17:28:20+00:00,,False,
2024-06-06 15:52:46+00:00,2024-06-06 21:31:48+00:00,True,0.0
2024-06-06 14:20:08+00:00,2024-06-06 16:08:10+00:00,True,0.0
2024-06-06 11:51:20+00:00,2024-06-06 22:49:42+00:00,True,0.0
2024-06-06 09:08:31+00:00,2024-06-06 15:13:10+00:00,True,0.0
2024-06-06 07:06:02+00:00,,False,
2024-06-06 07:05:58+00:00,,False,
2024-06-06 05:10:37+00:00,,False,
2024-06-06 00:10:41+00:00,2024-06-06 02:19:45+00:00,True,0.0
2024-06-05 20:20:57+00:00,2024-06-05 20:41:28+00:00,True,0.0
2024-06-05 17:25:21+00:00,2024-06-05 18:12:30+00:00,True,0.0
2024-06-05 07:05:02+00:00,,False,
2024-06-05 07:05:01+00:00,,False,
2024-06-05 06:12:25+00:00,2024-06-05 06:51:24+00:00,True,0.0
2024-06-05 02:49:45+00:00,2024-06-05 03:45:57+00:00,True,0.0
2024-06-05 01:52:34+00:00,2024-06-05 03:14:41+00:00,True,0.0
2024-06-05 00:47:00+00:00,2024-06-05 15:10:47+00:00,True,0.0
2024-06-04 21:35:08+00:00,2024-06-05 14:11:46+00:00,True,0.0
2024-06-04 16:54:19+00:00,2024-06-04 17:12:45+00:00,True,0.0
2024-06-04 16:26:22+00:00,2024-06-04 17:15:42+00:00,True,0.0
2024-06-04 16:10:28+00:00,2024-06-04 17:47:11+00:00,True,0.0
2024-06-04 16:03:20+00:00,2024-06-04 17:34:28+00:00,True,0.0
2024-06-04 14:27:45+00:00,2024-06-05 16:57:34+00:00,True,1.0
2024-06-04 14:27:41+00:00,2024-06-05 16:50:32+00:00,True,1.0
2024-06-04 14:27:36+00:00,2024-06-05 16:10:24+00:00,True,1.0
2024-06-04 13:45:18+00:00,2024-06-04 15:13:36+00:00,True,0.0
2024-06-04 13:42:59+00:00,2024-06-04 14:06:51+00:00,True,0.0
2024-06-04 11:01:19+00:00,2024-06-04 12:00:09+00:00,True,0.0
2024-06-04 09:57:18+00:00,2024-06-04 14:52:58+00:00,True,0.0
2024-06-04 07:05:12+00:00,,False,
2024-06-04 07:05:11+00:00,,False,
2024-06-04 06:31:13+00:00,2024-06-04 15:12:11+00:00,True,0.0
2024-06-04 03:00:34+00:00,,False,
2024-06-03 18:32:35+00:00,2024-06-04 11:19:37+00:00,True,0.0
2024-06-03 14:55:03+00:00,2024-06-04 08:18:52+00:00,True,0.0
2024-06-03 12:20:43+00:00,,False,
2024-06-03 11:58:27+00:00,2024-06-03 12:40:41+00:00,True,0.0
2024-06-03 11:40:56+00:00,2024-06-03 13:11:11+00:00,True,0.0
2024-06-03 11:02:44+00:00,2024-06-03 17:53:37+00:00,True,0.0
2024-06-03 09:43:51+00:00,2024-06-03 18:43:31+00:00,True,0.0
2024-06-03 08:25:42+00:00,2024-06-03 18:45:40+00:00,True,0.0
2024-06-03 07:04:57+00:00,,False,
2024-06-03 07:04:55+00:00,,False,
2024-06-03 01:42:14+00:00,,False,
2024-06-03 00:43:01+00:00,2024-06-03 23:09:19+00:00,True,0.0
2024-06-02 20:52:44+00:00,2024-06-02 23:34:00+00:00,True,0.0
2024-06-02 12:12:30+00:00,2024-06-02 14:13:05+00:00,True,0.0
2024-06-02 07:05:09+00:00,,False,
2024-06-02 07:05:05+00:00,,False,
2024-06-01 22:52:36+00:00,,False,
2024-06-01 21:07:30+00:00,2024-06-03 12:56:49+00:00,True,1.0
2024-06-01 18:28:11+00:00,,False,
2024-06-01 16:42:54+00:00,2024-06-02 23:38:43+00:00,True,1.0
2024-06-01 16:22:21+00:00,2024-06-01 17:00:36+00:00,True,0.0
2024-06-01 12:24:38+00:00,2024-06-05 22:48:11+00:00,True,4.0
2024-06-01 12:03:18+00:00,2024-06-01 22:32:50+00:00,True,0.0
2024-06-01 10:10:24+00:00,2024-06-02 23:42:55+00:00,True,1.0
2024-06-01 07:04:38+00:00,,False,
2024-06-01 07:04:37+00:00,,False,
2024-05-31 23:19:36+00:00,2024-06-01 13:26:05+00:00,True,0.0
2024-05-31 22:58:32+00:00,2024-06-04 15:23:23+00:00,True,3.0
2024-05-31 20:29:24+00:00,2024-06-05 13:46:25+00:00,True,4.0
2024-05-31 20:08:22+00:00,2024-06-01 03:37:04+00:00,True,0.0
2024-05-31 17:35:48+00:00,2024-05-31 18:10:08+00:00,True,0.0
2024-05-31 16:40:59+00:00,,False,
2024-05-31 16:31:02+00:00,,False,
2024-05-31 13:10:00+00:00,2024-06-03 16:15:29+00:00,True,3.0
2024-05-31 07:04:51+00:00,,False,
2024-05-31 07:04:48+00:00,,False,
2024-05-31 01:32:13+00:00,2024-06-03 19:55:06+00:00,True,3.0
2024-05-31 00:07:39+00:00,2024-05-31 21:53:46+00:00,True,0.0
2024-05-31 00:07:35+00:00,2024-05-31 20:23:28+00:00,True,0.0
2024-05-31 00:05:11+00:00,2024-05-31 22:26:25+00:00,True,0.0
2024-05-30 22:21:47+00:00,2024-05-31 19:41:17+00:00,True,0.0
2024-05-30 20:48:17+00:00,2024-06-05 18:33:56+00:00,True,5.0
2024-05-30 18:01:56+00:00,2024-05-30 18:39:06+00:00,True,0.0
2024-05-30 17:21:17+00:00,2024-05-31 00:03:15+00:00,True,0.0
2024-05-30 16:45:13+00:00,,False,
2024-05-30 15:42:06+00:00,2024-05-30 17:33:38+00:00,True,0.0
2024-05-30 13:42:34+00:00,2024-05-31 08:32:13+00:00,True,0.0
2024-05-30 13:07:34+00:00,2024-05-30 17:43:36+00:00,True,0.0
2024-05-30 10:42:06+00:00,2024-05-30 14:34:48+00:00,True,0.0
2024-05-30 10:21:10+00:00,2024-06-03 13:11:33+00:00,True,4.0
2024-05-30 07:05:51+00:00,,False,
2024-05-30 01:16:49+00:00,2024-05-31 23:00:01+00:00,True,1.0
2024-05-30 00:11:44+00:00,2024-05-30 19:25:46+00:00,True,0.0
2024-05-30 00:10:36+00:00,2024-05-30 13:59:48+00:00,True,0.0
2024-05-29 22:13:11+00:00,2024-05-29 23:16:31+00:00,True,0.0
2024-05-29 22:10:34+00:00,2024-06-03 20:19:52+00:00,True,4.0
2024-05-29 21:14:34+00:00,2024-05-31 19:18:42+00:00,True,1.0
2024-05-29 19:19:53+00:00,2024-05-30 16:54:04+00:00,True,0.0
2024-05-29 16:37:37+00:00,,False,
2024-05-29 15:13:25+00:00,2024-05-29 15:26:51+00:00,True,0.0
2024-05-29 14:38:11+00:00,2024-05-29 15:37:36+00:00,True,0.0
2024-05-29 13:14:46+00:00,2024-05-29 22:18:15+00:00,True,0.0
2024-05-29 12:16:04+00:00,2024-05-30 10:29:18+00:00,True,0.0
2024-05-29 11:10:05+00:00,2024-05-29 11:10:13+00:00,True,0.0
2024-05-29 10:18:20+00:00,2024-05-29 18:16:03+00:00,True,0.0
2024-05-29 07:47:51+00:00,2024-05-29 18:12:42+00:00,True,0.0
2024-05-29 07:04:55+00:00,,False,
2024-05-29 07:04:52+00:00,,False,
2024-05-29 00:53:19+00:00,2024-05-29 01:13:15+00:00,True,0.0
2024-05-29 00:26:17+00:00,2024-05-29 01:11:47+00:00,True,0.0
2024-05-28 23:44:51+00:00,2024-06-03 23:35:31+00:00,True,5.0
2024-05-28 23:30:04+00:00,,False,
2024-05-28 22:33:27+00:00,2024-05-29 11:09:43+00:00,True,0.0
2024-05-28 22:05:34+00:00,2024-06-01 18:15:01+00:00,True,3.0
2024-05-28 21:24:10+00:00,2024-05-30 09:38:55+00:00,True,1.0
2024-05-28 21:18:59+00:00,2024-05-28 22:06:20+00:00,True,0.0
2024-05-28 16:09:20+00:00,2024-05-28 20:14:27+00:00,True,0.0
2024-05-28 14:02:06+00:00,2024-05-28 20:49:01+00:00,True,0.0
2024-05-28 13:41:01+00:00,2024-05-28 14:26:41+00:00,True,0.0
2024-05-28 12:25:49+00:00,2024-05-28 22:41:25+00:00,True,0.0
2024-05-28 11:24:46+00:00,2024-05-28 20:19:35+00:00,True,0.0
2024-05-28 07:05:39+00:00,,False,
2024-05-28 07:05:36+00:00,,False,
2024-05-28 06:44:16+00:00,2024-06-05 06:09:28+00:00,True,7.0
2024-05-28 00:08:44+00:00,2024-05-29 03:21:42+00:00,True,1.0
2024-05-27 20:24:44+00:00,2024-05-28 18:52:34+00:00,True,0.0
2024-05-27 18:40:49+00:00,2024-05-28 15:02:28+00:00,True,0.0
2024-05-27 17:52:35+00:00,2024-05-28 14:53:04+00:00,True,0.0
2024-05-27 15:05:26+00:00,2024-05-30 18:01:59+00:00,True,3.0
2024-05-27 12:17:03+00:00,2024-05-27 16:16:08+00:00,True,0.0
2024-05-27 07:06:03+00:00,,False,
2024-05-27 07:05:56+00:00,,False,
2024-05-26 21:14:41+00:00,2024-05-27 00:42:36+00:00,True,0.0
2024-05-26 14:35:26+00:00,,False,
2024-05-26 07:04:50+00:00,,False,
2024-05-26 07:04:50+00:00,,False,
2024-05-25 10:59:32+00:00,,False,
2024-05-25 07:04:45+00:00,,False,
2024-05-25 07:04:44+00:00,,False,
2024-05-24 21:01:13+00:00,2024-05-24 21:20:14+00:00,True,0.0
2024-05-24 18:57:38+00:00,2024-05-24 19:24:48+00:00,True,0.0
2024-05-24 16:27:01+00:00,2024-05-27 16:19:41+00:00,True,2.0
2024-05-24 16:26:57+00:00,2024-05-27 16:05:32+00:00,True,2.0
2024-05-24 14:41:53+00:00,2024-05-27 15:16:59+00:00,True,3.0
2024-05-24 13:48:00+00:00,2024-05-24 14:10:31+00:00,True,0.0
2024-05-24 13:15:24+00:00,2024-05-24 15:39:08+00:00,True,0.0
2024-05-24 12:32:32+00:00,2024-05-27 00:18:46+00:00,True,2.0
2024-05-24 12:07:42+00:00,2024-05-28 21:29:20+00:00,True,4.0
2024-05-24 11:47:42+00:00,,False,
2024-05-24 07:04:51+00:00,,False,
2024-05-24 07:04:49+00:00,,False,
2024-05-24 06:22:38+00:00,2024-06-04 17:46:47+00:00,True,11.0
2024-05-24 06:08:17+00:00,2024-05-24 23:11:30+00:00,True,0.0
2024-05-24 04:34:47+00:00,2024-05-25 21:07:09+00:00,True,1.0
2024-05-24 03:04:09+00:00,2024-05-25 21:07:24+00:00,True,1.0
2024-05-23 21:04:08+00:00,2024-05-28 14:53:27+00:00,True,4.0
2024-05-23 19:40:56+00:00,2024-05-23 19:47:31+00:00,True,0.0
2024-05-23 18:53:54+00:00,2024-05-23 19:21:11+00:00,True,0.0
2024-05-23 14:47:46+00:00,2024-05-23 15:33:37+00:00,True,0.0
2024-05-23 13:47:55+00:00,2024-05-23 14:01:10+00:00,True,0.0
2024-05-23 12:22:25+00:00,2024-05-26 10:25:40+00:00,True,2.0
2024-05-23 12:11:34+00:00,2024-05-23 12:39:28+00:00,True,0.0
2024-05-23 11:45:48+00:00,2024-05-23 11:46:12+00:00,True,0.0
2024-05-23 09:53:55+00:00,,False,
2024-05-23 09:30:23+00:00,2024-05-23 12:22:13+00:00,True,0.0
2024-05-23 07:03:44+00:00,2024-05-23 07:36:59+00:00,True,0.0
2024-05-23 06:29:18+00:00,2024-05-23 08:24:01+00:00,True,0.0
2024-05-23 04:46:23+00:00,2024-05-23 13:46:57+00:00,True,0.0
2024-05-23 04:28:01+00:00,2024-05-23 04:52:57+00:00,True,0.0
2024-05-23 02:24:36+00:00,2024-05-23 03:14:32+00:00,True,0.0
2024-05-23 01:08:46+00:00,2024-05-23 02:18:58+00:00,True,0.0
2024-05-23 00:01:39+00:00,2024-06-03 14:03:58+00:00,True,11.0
2024-05-22 22:50:30+00:00,2024-05-22 23:17:24+00:00,True,0.0
2024-05-22 20:46:34+00:00,2024-05-22 21:53:58+00:00,True,0.0
2024-05-22 20:39:23+00:00,2024-05-22 23:01:36+00:00,True,0.0
2024-05-22 20:08:33+00:00,2024-05-22 21:49:56+00:00,True,0.0
2024-05-22 19:48:37+00:00,2024-05-23 02:34:06+00:00,True,0.0
2024-05-22 19:48:31+00:00,,False,
2024-05-22 17:50:07+00:00,2024-05-23 15:17:15+00:00,True,0.0
2024-05-22 14:56:52+00:00,2024-05-22 17:15:30+00:00,True,0.0
2024-05-22 11:10:02+00:00,2024-05-22 13:39:29+00:00,True,0.0
2024-05-22 08:52:41+00:00,2024-05-22 21:59:29+00:00,True,0.0
2024-05-22 07:05:02+00:00,,False,
2024-05-22 02:20:36+00:00,2024-05-22 02:53:16+00:00,True,0.0
2024-05-21 23:16:19+00:00,2024-05-23 16:52:33+00:00,True,1.0
2024-05-21 21:14:27+00:00,2024-05-22 18:54:16+00:00,True,0.0
2024-05-21 19:17:33+00:00,2024-05-28 11:55:12+00:00,True,6.0
2024-05-21 19:04:34+00:00,2024-05-21 21:10:09+00:00,True,0.0
2024-05-21 18:04:26+00:00,2024-05-21 18:31:31+00:00,True,0.0
2024-05-21 18:02:12+00:00,2024-05-21 18:45:13+00:00,True,0.0
2024-05-21 17:38:39+00:00,2024-05-21 18:01:35+00:00,True,0.0
2024-05-21 17:05:20+00:00,2024-05-21 18:28:59+00:00,True,0.0
2024-05-21 17:05:19+00:00,,False,
2024-05-07 19:49:58+00:00,2024-05-07 21:08:59+00:00,True,0.0
2024-05-07 17:28:13+00:00,2024-05-08 19:39:37+00:00,True,1.0
2024-05-07 16:40:54+00:00,2024-05-08 08:51:10+00:00,True,0.0
2024-05-07 16:21:30+00:00,2024-05-16 19:08:46+00:00,True,9.0
2024-05-07 16:05:35+00:00,2024-05-07 18:35:13+00:00,True,0.0
2024-05-07 15:44:02+00:00,,False,
2024-05-07 14:53:53+00:00,2024-05-07 14:58:56+00:00,True,0.0
2024-05-07 14:29:14+00:00,2024-05-07 16:15:33+00:00,True,0.0
2024-05-07 12:24:08+00:00,2024-05-17 18:15:51+00:00,True,10.0
2024-05-07 10:43:17+00:00,2024-05-07 15:38:57+00:00,True,0.0
2024-05-07 07:05:50+00:00,,False,
2024-05-07 02:27:51+00:00,2024-05-07 21:41:15+00:00,True,0.0
2024-05-07 00:01:35+00:00,2024-05-07 00:18:54+00:00,True,0.0
2024-05-06 23:54:58+00:00,2024-05-08 08:40:15+00:00,True,1.0
2024-05-06 23:53:55+00:00,2024-05-06 23:54:23+00:00,True,0.0
2024-05-06 20:18:58+00:00,2024-05-12 12:26:37+00:00,True,5.0
2024-05-06 18:47:54+00:00,2024-05-06 19:48:31+00:00,True,0.0
2024-05-06 18:45:47+00:00,2024-05-07 17:19:35+00:00,True,0.0
2024-05-06 18:33:15+00:00,2024-05-06 21:38:05+00:00,True,0.0
2024-05-06 17:57:22+00:00,2024-05-06 18:25:39+00:00,True,0.0
2024-05-06 17:35:54+00:00,2024-05-11 10:50:05+00:00,True,4.0
2024-05-06 15:40:56+00:00,2024-05-06 19:01:15+00:00,True,0.0
2024-05-06 10:55:24+00:00,2024-05-06 15:23:40+00:00,True,0.0
2024-05-06 08:18:07+00:00,2024-05-06 17:32:14+00:00,True,0.0
2024-05-06 07:05:09+00:00,2024-05-06 17:23:09+00:00,True,0.0
2024-05-06 07:05:03+00:00,,False,
2024-05-06 06:47:03+00:00,2024-05-06 19:55:08+00:00,True,0.0
2024-05-06 06:41:32+00:00,2024-05-06 08:47:19+00:00,True,0.0
2024-05-06 03:22:08+00:00,2024-05-06 04:00:58+00:00,True,0.0
2024-05-06 00:55:23+00:00,2024-05-06 04:04:46+00:00,True,0.0
2024-05-05 07:04:52+00:00,,False,
2024-05-04 21:20:26+00:00,2024-05-13 21:33:03+00:00,True,9.0
2024-05-04 20:38:58+00:00,2024-05-06 21:35:19+00:00,True,2.0
2024-05-04 20:25:48+00:00,2024-05-06 14:23:44+00:00,True,1.0
2024-05-04 12:36:11+00:00,2024-05-05 17:36:24+00:00,True,1.0
2024-05-04 07:05:19+00:00,,False,
2024-05-04 07:05:19+00:00,,False,
2024-05-04 00:11:13+00:00,2024-05-06 22:32:26+00:00,True,2.0
2024-05-03 23:21:26+00:00,2024-05-06 14:46:54+00:00,True,2.0
2024-05-03 22:23:48+00:00,2024-05-03 22:41:14+00:00,True,0.0
2024-05-03 21:04:03+00:00,2024-05-03 22:05:48+00:00,True,0.0
2024-05-03 20:44:34+00:00,2024-05-03 21:20:09+00:00,True,0.0
2024-05-03 18:25:13+00:00,2024-05-03 21:17:44+00:00,True,0.0
2024-05-03 13:52:48+00:00,2024-05-13 21:58:55+00:00,True,10.0
2024-05-03 13:35:49+00:00,2024-05-06 19:02:25+00:00,True,3.0
2024-05-03 09:59:12+00:00,2024-05-08 15:24:58+00:00,True,5.0
2024-05-03 09:42:53+00:00,2024-05-04 11:18:09+00:00,True,1.0
2024-05-03 09:40:18+00:00,2024-05-06 19:01:02+00:00,True,3.0
2024-05-03 08:27:22+00:00,2024-05-27 00:08:52+00:00,True,23.0
2024-05-03 07:04:56+00:00,,False,
2024-05-03 07:04:56+00:00,2024-05-03 21:00:30+00:00,True,0.0
2024-05-03 04:02:17+00:00,2024-06-03 15:14:35+00:00,True,31.0
2024-05-03 02:23:44+00:00,2024-05-03 02:37:18+00:00,True,0.0
2024-05-03 00:10:38+00:00,2024-05-03 02:14:41+00:00,True,0.0
2024-05-02 22:49:41+00:00,2024-05-22 18:10:59+00:00,True,19.0
2024-05-02 22:16:03+00:00,,False,
2024-05-02 22:15:57+00:00,,False,
2024-05-02 22:15:56+00:00,,False,
2024-05-02 22:13:31+00:00,2024-05-03 02:27:29+00:00,True,0.0
2024-05-02 22:01:43+00:00,2024-05-20 19:58:49+00:00,True,17.0
2024-05-02 21:32:42+00:00,2024-05-02 22:55:01+00:00,True,0.0
2024-05-02 19:55:22+00:00,2024-05-02 21:11:00+00:00,True,0.0
2024-05-02 18:54:29+00:00,2024-05-02 19:25:35+00:00,True,0.0
2024-05-02 18:29:20+00:00,2024-05-02 21:46:27+00:00,True,0.0
2024-05-02 18:20:47+00:00,2024-05-02 20:40:09+00:00,True,0.0
2024-05-02 18:14:50+00:00,2024-05-02 18:49:12+00:00,True,0.0
2024-05-02 15:38:04+00:00,,False,
2024-05-02 14:41:57+00:00,2024-05-08 06:35:25+00:00,True,5.0
2024-05-02 13:54:47+00:00,2024-05-02 18:31:39+00:00,True,0.0
2024-05-02 13:05:28+00:00,2024-05-02 20:36:52+00:00,True,0.0
2024-05-02 09:48:37+00:00,2024-05-02 19:19:20+00:00,True,0.0
2024-05-02 09:29:43+00:00,2024-05-02 11:07:24+00:00,True,0.0
2024-05-02 07:43:06+00:00,,False,
2024-05-02 07:04:51+00:00,,False,
2024-05-02 07:04:48+00:00,,False,
2024-05-01 22:30:11+00:00,2024-05-02 22:06:33+00:00,True,0.0
2024-05-01 21:03:11+00:00,2024-05-01 21:26:10+00:00,True,0.0
2024-05-01 19:27:56+00:00,,False,
2024-05-01 18:20:43+00:00,,False,
2024-05-01 17:46:48+00:00,2024-05-01 18:20:45+00:00,True,0.0
2024-05-01 16:17:26+00:00,2024-05-01 19:29:34+00:00,True,0.0
2024-05-01 14:31:29+00:00,2024-05-01 19:17:54+00:00,True,0.0
2024-05-01 13:41:34+00:00,2024-05-01 22:32:45+00:00,True,0.0
2024-05-01 07:34:30+00:00,2024-05-01 18:33:17+00:00,True,0.0
2024-05-01 07:05:49+00:00,2024-05-01 10:02:20+00:00,True,0.0
2024-05-01 07:05:45+00:00,2024-05-01 08:57:49+00:00,True,0.0
2024-05-01 07:03:03+00:00,,False,
2024-05-01 03:09:55+00:00,2024-05-03 05:15:10+00:00,True,2.0
2024-04-30 22:43:24+00:00,2024-04-30 22:51:20+00:00,True,0.0
2024-04-30 19:06:50+00:00,,False,
2024-04-30 15:20:12+00:00,2024-04-30 15:26:06+00:00,True,0.0
2024-04-30 14:14:02+00:00,2024-05-08 19:18:10+00:00,True,8.0
2024-04-30 14:04:35+00:00,2024-04-30 15:40:58+00:00,True,0.0
2024-04-30 11:30:12+00:00,2024-05-06 05:28:43+00:00,True,5.0
2024-04-30 10:43:32+00:00,2024-04-30 16:01:27+00:00,True,0.0
2024-04-30 07:41:45+00:00,2024-04-30 07:59:44+00:00,True,0.0
2024-04-30 07:05:19+00:00,,False,
2024-04-30 07:05:06+00:00,,False,
2024-04-30 04:49:50+00:00,2024-04-30 21:38:34+00:00,True,0.0
2024-04-30 01:28:41+00:00,,False,
2024-05-15 00:10:45+00:00,2024-05-15 00:58:22+00:00,True,0.0
2024-05-14 22:49:01+00:00,2024-05-16 23:52:41+00:00,True,2.0
2024-05-14 20:57:40+00:00,2024-05-14 21:18:11+00:00,True,0.0
2024-05-14 19:58:25+00:00,2024-05-14 21:44:11+00:00,True,0.0
2024-05-14 19:25:23+00:00,,False,
2024-05-14 19:18:27+00:00,2024-05-15 01:55:38+00:00,True,0.0
2024-05-14 17:38:36+00:00,,False,
2024-05-14 17:33:04+00:00,2024-05-15 22:21:08+00:00,True,1.0
2024-05-14 17:29:50+00:00,2024-05-15 10:19:47+00:00,True,0.0
2024-05-14 17:18:03+00:00,2024-05-15 15:15:17+00:00,True,0.0
2024-05-14 17:11:14+00:00,2024-05-14 18:18:33+00:00,True,0.0
2024-05-14 15:33:03+00:00,2024-05-16 23:51:49+00:00,True,2.0
2024-05-14 14:14:16+00:00,,False,
2024-05-14 13:18:49+00:00,2024-05-14 13:39:17+00:00,True,0.0
2024-05-14 07:05:46+00:00,,False,
2024-05-14 07:05:46+00:00,,False,
2024-05-14 06:17:52+00:00,2024-05-14 18:03:49+00:00,True,0.0
2024-05-14 05:28:59+00:00,2024-05-14 13:11:10+00:00,True,0.0
2024-05-14 03:38:33+00:00,,False,
2024-05-14 00:10:45+00:00,2024-05-14 18:55:05+00:00,True,0.0
2024-05-13 23:45:55+00:00,2024-05-20 19:35:20+00:00,True,6.0
2024-05-13 23:43:22+00:00,2024-05-14 17:56:41+00:00,True,0.0
2024-05-13 23:30:41+00:00,2024-05-15 15:51:09+00:00,True,1.0
2024-05-13 23:12:55+00:00,2024-05-14 09:28:29+00:00,True,0.0
2024-05-13 13:27:09+00:00,2024-05-13 21:37:13+00:00,True,0.0
2024-05-13 13:13:49+00:00,2024-05-13 16:31:36+00:00,True,0.0
2024-05-13 12:25:10+00:00,2024-05-13 21:37:37+00:00,True,0.0
2024-05-13 12:23:46+00:00,2024-05-14 10:45:32+00:00,True,0.0
2024-05-13 09:55:23+00:00,2024-05-13 21:36:24+00:00,True,0.0
2024-05-13 09:49:45+00:00,2024-05-13 20:39:04+00:00,True,0.0
2024-05-13 07:05:09+00:00,,False,
2024-05-13 07:05:06+00:00,,False,
2024-05-12 19:12:58+00:00,2024-05-15 22:30:46+00:00,True,3.0
2024-05-12 10:29:42+00:00,,False,
2024-05-12 07:04:46+00:00,,False,
2024-05-12 07:04:45+00:00,,False,
2024-05-12 05:48:52+00:00,,False,
2024-05-11 16:42:39+00:00,2024-05-13 09:20:18+00:00,True,1.0
2024-05-11 16:33:21+00:00,,False,
2024-05-11 14:33:17+00:00,,False,
2024-05-11 13:15:36+00:00,,False,
2024-05-11 08:22:30+00:00,2024-05-13 17:10:41+00:00,True,2.0
2024-05-11 07:06:14+00:00,,False,
2024-05-11 07:05:44+00:00,,False,
2024-05-11 02:24:24+00:00,2024-05-14 18:00:27+00:00,True,3.0
2024-05-10 22:43:02+00:00,2024-05-11 03:38:20+00:00,True,0.0
2024-05-10 21:46:00+00:00,2024-05-10 22:21:15+00:00,True,0.0
2024-05-10 21:10:20+00:00,2024-05-11 01:35:49+00:00,True,0.0
2024-05-10 20:09:49+00:00,,False,
2024-05-10 19:21:38+00:00,2024-05-10 19:24:57+00:00,True,0.0
2024-05-10 19:13:06+00:00,2024-05-10 21:15:40+00:00,True,0.0
2024-05-10 18:36:20+00:00,2024-05-10 18:50:01+00:00,True,0.0
2024-05-10 18:11:11+00:00,,False,
2024-05-10 17:38:01+00:00,2024-05-10 22:23:44+00:00,True,0.0
2024-05-10 16:11:47+00:00,2024-05-13 21:03:09+00:00,True,3.0
2024-05-10 15:15:40+00:00,2024-05-10 16:13:27+00:00,True,0.0
2024-05-10 14:49:39+00:00,2024-05-11 07:30:27+00:00,True,0.0
2024-05-10 09:29:22+00:00,2024-05-23 13:41:29+00:00,True,13.0
2024-05-10 09:24:53+00:00,2024-05-13 00:54:02+00:00,True,2.0
2024-05-10 09:19:31+00:00,2024-05-10 18:12:03+00:00,True,0.0
2024-05-10 07:05:18+00:00,,False,
2024-05-10 07:05:09+00:00,,False,
2024-05-10 06:13:55+00:00,2024-05-10 22:30:23+00:00,True,0.0
2024-05-10 06:00:49+00:00,,False,
2024-05-10 03:12:42+00:00,2024-05-10 21:12:33+00:00,True,0.0
2024-05-09 23:03:14+00:00,2024-05-10 14:34:34+00:00,True,0.0
2024-05-09 22:54:11+00:00,2024-05-10 14:34:22+00:00,True,0.0
2024-05-09 22:13:54+00:00,2024-05-29 21:23:59+00:00,True,19.0
2024-05-09 19:10:43+00:00,2024-05-15 01:28:27+00:00,True,5.0
2024-05-09 19:00:41+00:00,2024-05-10 14:12:34+00:00,True,0.0
2024-05-09 17:51:22+00:00,2024-05-10 18:13:06+00:00,True,1.0
2024-05-09 17:12:31+00:00,2024-05-10 22:23:25+00:00,True,1.0
2024-05-09 15:13:35+00:00,,False,
2024-05-09 14:32:17+00:00,,False,
2024-05-09 07:42:39+00:00,2024-05-09 07:45:30+00:00,True,0.0
2024-05-09 07:04:52+00:00,,False,
2024-05-09 07:04:50+00:00,,False,
2024-05-09 01:24:38+00:00,2024-05-10 21:12:57+00:00,True,1.0
2024-05-09 01:20:26+00:00,2024-05-14 17:47:54+00:00,True,5.0
2024-05-08 22:47:39+00:00,2024-05-09 16:09:24+00:00,True,0.0
2024-05-08 21:41:16+00:00,2024-05-09 08:39:18+00:00,True,0.0
2024-05-08 20:16:36+00:00,2024-05-09 17:18:21+00:00,True,0.0
2024-05-08 19:49:34+00:00,2024-05-08 22:49:57+00:00,True,0.0
2024-05-08 18:55:12+00:00,2024-05-09 01:10:59+00:00,True,0.0
2024-05-08 18:43:45+00:00,2024-05-13 16:59:59+00:00,True,4.0
2024-05-08 18:31:32+00:00,2024-05-08 23:06:39+00:00,True,0.0
2024-05-08 18:07:58+00:00,,False,
2024-05-08 16:39:11+00:00,2024-05-10 18:51:55+00:00,True,2.0
2024-05-08 15:57:06+00:00,2024-05-09 17:04:20+00:00,True,1.0
2024-05-08 15:00:46+00:00,2024-05-08 17:36:11+00:00,True,0.0
2024-05-08 12:09:15+00:00,2024-05-10 14:21:22+00:00,True,2.0
2024-05-08 11:08:10+00:00,2024-05-09 09:05:24+00:00,True,0.0
2024-05-08 09:37:19+00:00,2024-05-08 15:31:46+00:00,True,0.0
2024-05-08 09:14:00+00:00,2024-05-08 10:05:29+00:00,True,0.0
2024-05-08 07:06:12+00:00,2024-05-08 09:39:19+00:00,True,0.0
2024-05-08 07:06:08+00:00,,False,
2024-05-07 22:41:24+00:00,2024-05-08 17:30:42+00:00,True,0.0
2024-05-07 22:19:20+00:00,2024-05-08 16:14:35+00:00,True,0.0
2024-05-07 21:48:34+00:00,2024-05-07 23:08:23+00:00,True,0.0
2024-05-07 20:19:02+00:00,2024-05-07 21:14:05+00:00,True,0.0
2024-05-21 17:05:18+00:00,2024-05-21 17:44:30+00:00,True,0.0
2024-05-21 16:39:42+00:00,2024-05-21 18:27:40+00:00,True,0.0
2024-05-21 16:28:25+00:00,,False,
2024-05-21 16:28:20+00:00,,False,
2024-05-21 15:55:14+00:00,2024-05-21 20:54:23+00:00,True,0.0
2024-05-21 15:06:44+00:00,2024-05-21 15:42:56+00:00,True,0.0
2024-05-21 14:59:42+00:00,,False,
2024-05-21 11:36:53+00:00,2024-05-21 14:51:38+00:00,True,0.0
2024-05-21 10:49:34+00:00,2024-05-21 10:54:05+00:00,True,0.0
2024-05-21 10:32:54+00:00,2024-05-21 14:16:36+00:00,True,0.0
2024-05-21 07:04:54+00:00,,False,
2024-05-21 07:04:53+00:00,,False,
2024-05-21 06:49:59+00:00,2024-05-21 20:47:10+00:00,True,0.0
2024-05-21 01:45:55+00:00,2024-05-21 03:40:05+00:00,True,0.0
2024-05-21 00:36:10+00:00,2024-05-21 04:08:23+00:00,True,0.0
2024-05-21 00:35:04+00:00,2024-05-22 18:09:04+00:00,True,1.0
2024-05-20 23:53:47+00:00,2024-05-23 02:30:28+00:00,True,2.0
2024-05-20 23:42:51+00:00,2024-05-22 20:30:05+00:00,True,1.0
2024-05-20 23:28:53+00:00,2024-05-21 00:17:17+00:00,True,0.0
2024-05-20 23:28:53+00:00,,False,
2024-05-20 23:12:43+00:00,2024-05-21 01:11:07+00:00,True,0.0
2024-05-20 22:49:53+00:00,,False,
2024-05-20 22:49:45+00:00,,False,
2024-05-20 19:26:55+00:00,2024-05-26 14:03:54+00:00,True,5.0
2024-05-20 17:28:46+00:00,2024-05-20 22:23:33+00:00,True,0.0
2024-05-20 14:42:08+00:00,2024-06-05 03:25:59+00:00,True,15.0
2024-05-20 14:07:49+00:00,2024-05-21 19:39:46+00:00,True,1.0
2024-05-20 10:39:53+00:00,2024-05-20 15:44:03+00:00,True,0.0
2024-05-20 07:22:53+00:00,,False,
2024-05-20 07:07:59+00:00,,False,
2024-05-20 07:05:27+00:00,,False,
2024-05-20 07:05:24+00:00,,False,
2024-05-20 01:02:55+00:00,2024-05-20 14:50:58+00:00,True,0.0
2024-05-20 00:10:40+00:00,2024-05-20 14:35:39+00:00,True,0.0
2024-05-19 14:27:18+00:00,2024-05-20 15:09:16+00:00,True,1.0
2024-05-19 08:00:05+00:00,,False,
2024-05-19 07:04:53+00:00,,False,
2024-05-19 07:04:52+00:00,,False,
2024-05-19 05:52:28+00:00,2024-05-20 16:22:10+00:00,True,1.0
2024-05-19 00:32:57+00:00,,False,
2024-05-19 00:11:33+00:00,,False,
2024-05-18 17:12:47+00:00,2024-05-18 19:16:34+00:00,True,0.0
2024-05-18 15:32:45+00:00,,False,
2024-05-18 15:29:58+00:00,,False,
2024-05-18 15:08:51+00:00,2024-05-20 20:34:25+00:00,True,2.0
2024-05-18 14:41:21+00:00,,False,
2024-05-18 11:26:30+00:00,2024-05-30 07:58:01+00:00,True,11.0
2024-05-18 07:37:26+00:00,2024-05-18 16:46:25+00:00,True,0.0
2024-05-18 07:04:59+00:00,,False,
2024-05-18 07:04:53+00:00,,False,
2024-05-18 04:26:53+00:00,2024-05-18 05:49:49+00:00,True,0.0
2024-05-18 00:10:33+00:00,,False,
2024-05-17 21:59:36+00:00,2024-05-17 22:20:53+00:00,True,0.0
2024-05-17 20:34:44+00:00,2024-05-17 21:15:55+00:00,True,0.0
2024-05-17 14:48:45+00:00,,False,
2024-05-17 14:44:00+00:00,2024-05-17 14:47:52+00:00,True,0.0
2024-05-17 07:04:44+00:00,,False,
2024-05-17 07:04:42+00:00,,False,
2024-05-17 00:10:37+00:00,,False,
2024-05-17 00:04:24+00:00,2024-05-20 22:46:20+00:00,True,3.0
2024-05-16 23:39:50+00:00,2024-05-22 12:46:57+00:00,True,5.0
2024-05-16 23:39:45+00:00,2024-05-21 09:16:22+00:00,True,4.0
2024-05-16 23:23:23+00:00,2024-05-16 23:32:20+00:00,True,0.0
2024-05-16 23:09:46+00:00,2024-05-17 00:00:43+00:00,True,0.0
2024-05-16 20:38:38+00:00,2024-05-16 21:13:06+00:00,True,0.0
2024-05-16 20:24:31+00:00,2024-05-16 22:32:27+00:00,True,0.0
2024-05-16 17:48:08+00:00,2024-05-30 00:56:30+00:00,True,13.0
2024-05-16 15:36:39+00:00,2024-05-16 18:44:16+00:00,True,0.0
2024-05-16 15:16:28+00:00,2024-05-16 16:59:41+00:00,True,0.0
2024-05-16 14:59:30+00:00,2024-05-16 18:36:10+00:00,True,0.0
2024-05-16 14:08:55+00:00,2024-05-16 16:27:35+00:00,True,0.0
2024-05-16 12:34:52+00:00,,False,
2024-05-16 10:35:06+00:00,2024-05-20 13:30:09+00:00,True,4.0
2024-05-16 09:48:06+00:00,2024-05-16 19:59:47+00:00,True,0.0
2024-05-16 09:12:12+00:00,2024-05-20 15:13:08+00:00,True,4.0
2024-05-16 08:27:01+00:00,2024-05-18 05:56:41+00:00,True,1.0
2024-05-16 07:04:33+00:00,,False,
2024-05-16 07:04:33+00:00,,False,
2024-05-16 05:45:33+00:00,2024-05-16 22:31:32+00:00,True,0.0
2024-05-16 02:41:00+00:00,2024-05-16 19:04:23+00:00,True,0.0
2024-05-16 01:02:26+00:00,2024-05-22 14:58:36+00:00,True,6.0
2024-05-16 00:47:16+00:00,2024-05-20 19:51:01+00:00,True,4.0
2024-05-15 23:10:52+00:00,2024-05-20 23:25:02+00:00,True,5.0
2024-05-15 22:42:42+00:00,2024-05-21 22:43:41+00:00,True,6.0
2024-05-15 22:41:39+00:00,2024-05-27 00:06:25+00:00,True,11.0
2024-05-15 22:41:30+00:00,2024-05-16 13:05:28+00:00,True,0.0
2024-05-15 22:33:50+00:00,2024-05-16 01:00:20+00:00,True,0.0
2024-05-15 22:09:55+00:00,2024-05-15 23:54:50+00:00,True,0.0
2024-05-15 21:58:10+00:00,2024-05-15 23:21:41+00:00,True,0.0
2024-05-15 19:17:38+00:00,2024-05-15 23:16:53+00:00,True,0.0
2024-05-15 18:30:36+00:00,2024-05-15 21:58:43+00:00,True,0.0
2024-05-15 18:16:30+00:00,2024-05-17 08:08:29+00:00,True,1.0
2024-05-15 17:58:45+00:00,,False,
2024-05-15 17:40:34+00:00,2024-05-16 09:22:28+00:00,True,0.0
2024-05-15 16:51:34+00:00,2024-05-18 05:33:19+00:00,True,2.0
2024-05-15 14:40:14+00:00,2024-05-28 21:42:04+00:00,True,13.0
2024-05-15 13:40:03+00:00,2024-05-15 18:59:57+00:00,True,0.0
2024-05-15 13:16:53+00:00,,False,
2024-05-15 07:05:03+00:00,,False,
2024-05-15 07:04:58+00:00,,False,
